﻿<?xml version="1.0" encoding="UTF-8" standalone="yes"?>
<addon id="repository.frenchdj" name="frenchdj repository" version="0.0.2" provider-name="frenchdj">
	<extension point="xbmc.addon.repository" name="frenchdj Add-on Repository">
		<info compressed="false">https://raw.githubusercontent.com/frenchdj/repository.frenchdj/master/addons.xml</info>
		<checksum>https://raw.githubusercontent.com/frenchdj/repository.frenchdj/master/addons.xml.md5</checksum>
		<datadir zip="true">https://raw.githubusercontent.com/repository.frenchdj/master/repo/</datadir>
	</extension>
	<extension point="xbmc.addon.metadata">
		<summary>frenchdj repository</summary>
		<description>frenchdj addons repository</description>
		<disclaimer></disclaimer>
		<platform>all</platform>
	</extension>
</addon>