<?xml version="1.0" encoding="UTF-8" standalone="yes"?>
<addon id="plugin.video.beats.hd.records" name="[COLOR white][B]Beats HD[COLOR lime].[COLOR white]Records [/B][/COLOR]" version="1.0" provider-name="frenchdj">
	<requires>
		<import addon="script.module.six" />
		<import addon="script.module.kodi-six" />
		<import addon="script.module.requests" optional="true"/>
		<import addon="script.module.websocket" version="0.50.0"  optional="true"/>
		<import addon="script.module.youtube.dl" optional="true"/>
		<import addon="plugin.video.youtube" optional="true" />
		<import addon="script.module.dateutil" optional="true" />
		<import addon="script.module.resolveurl" optional="true"/>
		<import addon="script.module.urlresolver" optional="true"/>
		<import addon="script.module.cloudscraper" optional="true"/>
		<import addon="script.module.inputstreamhelper" optional="true"/>
		<import addon="script.module.slproxy" optional="true"/>
	</requires>
	<extension point="xbmc.python.pluginsource" library="default.py">
		<provides>video</provides>
	</extension>

	<extension point="xbmc.addon.metadata">
		<summary lang="en">[ Record Label ]</summary>
		<description>[COLOR lime]. Techno Label[COLOR white] Based in Lisbon, Portugal.
Beats HD Label promotes mostly Peak Time Techno, Acid Techno, Hypnotic Techno, Raw Techno, Dark Techno and some Hard Techno.
[COLOR lime]. [COLOR white]Follow Beats HD Records [COLOR lime]:
[COLOR white]twitter.com/BeatsHD_Records
www.instagram.com/beatshdrecords/
www.facebook.com/Beats.HD.Records/  [/COLOR] 
[B][COLOR lime]Advised the latest version of youtube 6.*.*[/B][/COLOR]</description>
		<platform>all</platform>
		<assets>
			<icon>icon.png</icon>
			<fanart>fanart.jpg</fanart>
		</assets>
	</extension>
</addon>
