<?xml version="1.0" encoding="UTF-8" standalone="yes"?>
<addon id="plugin.video.fmc.hd"
       name="[COLOR white][B]FMC[COLOR lime].[COLOR white]HD[/B][/COLOR]"
       version="2.3"
       provider-name="frenchdj">
  <requires>
    <import addon="xbmc.python" version="2.1.0"/>
    <import addon="script.module.beautifulsoup" version="3.2.1"/>
    <import addon="script.module.simple.downloader" version="0.9.4"/>
    <import addon="script.module.requests" />
    <import addon="script.module.httplib2" />
    <import addon="script.module.liveresolver" version="0.1.24" optional="true"/>
    <import addon="script.module.youtube.dl" optional="true"/>
    <import addon="plugin.video.youtube" optional="true" />
    <import addon="script.module.resolveurl" optional="true"/>
    <import addon="script.module.simplejson" />    
    <import addon="script.module.livestreamer" optional="true"/>
    <import addon="script.module.slproxy" optional="true"/>
    <import addon="script.module.pyamf" optional="true"/>
  </requires>
  <extension point="xbmc.python.pluginsource" library="default.py">
    <provides>video</provides>
  </extension>
  <extension point="xbmc.addon.metadata">
    <summary lang="en">FMC.HD [ 2018 HD ]</summary>
    <description>Media Center com 90% de conteudo HD.
[B][COLOR white]Para bom funcionamento é necessário instalar o [COLOR lime]Zero Repository[/COLOR][/B]</description>
    <platform>all</platform>
  </extension>
</addon>
